pmcid,uid,unit_hash,reason
PMC11560757,PMC11560757.r1.L97.S1.U1,dc4591515102,label
PMC11560757,PMC11560757.r1.L97.S1.U2,41a4f29be8a1,continuation
PMC11560757,PMC11560757.r1.L101.S1.U1,46bb4780a0c9,label
PMC11560757,PMC11560757.r1.L101.S1.U2,08fb527c5d1b,continuation
PMC11560757,PMC11560757.r1.L101.S1.U3,c76f3e7f5f8b,continuation
PMC12650378,PMC12650378.r1.L124.S1.U1,b815caf172f7,label
PMC12650378,PMC12650378.r1.L178.S1.U1,7c7842549fe0,label
PMC12228088,PMC12228088.r1.L307.S1.U1,7ec7de636a8b,label
PMC12228088,PMC12228088.r1.L317.S2.U1,8a981153b583,label
PMC12228088,PMC12228088.r1.L371.S3.U3,d5e207ccda04,label
PMC12228088,PMC12228088.r1.L373.S4.U1,7f73ee8cca2f,label
PMC11109854,PMC11109854.r1.L109.S4.U1,92635291cb41,label
PMC11364946,PMC11364946.r1.L158.S1.U1,cf3cf8d67a95,label
PMC11364946,PMC11364946.r1.L163.S1.U1,a30da09eda2d,label
PMC11364946,PMC11364946.r1.L163.S1.U2,9df63a08ebc3,continuation
PMC11364946,PMC11364946.r1.L168.S1.U1,63592ead4c1b,label
PMC11364946,PMC11364946.r1.L180.S1.U1,f59d59461009,label
PMC12905120,PMC12905120.r1.L125.S3.U1,264a08a6d6f4,label
PMC11889229,PMC11889229.r1.L213.S1.U1,2308c22be57c,label
PMC11491428,PMC11491428.r1.L194.S1.U1,c997e9c8edf4,label
PMC13216060,PMC13216060.r1.L56.S1.U1,cdfaa0a352d5,label
PMC12845707,PMC12845707.r1.L252.S1.U1,534ac2eb69dc,label
PMC12845707,PMC12845707.r1.L286.S1.U1,d8e6f446a6c0,label
PMC13316437,PMC13316437.r1.L339.S1.U1,5a46c8dc2180,label
PMC13316437,PMC13316437.r1.L343.S1.U1,36f34daefeb3,label
PMC12080512,PMC12080512.r1.L107.S1.U2,112a75ab1ab8,label
PMC11006156,PMC11006156.r1.L117.S1.U1,54f2de57133e,label
PMC11006156,PMC11006156.r1.L130.S1.U1,15b4a5187b39,label
PMC11006156,PMC11006156.r1.L130.S1.U2,566d3241503d,continuation
PMC10239274,PMC10239274.r1.L66.S1.U1,e18918b8152b,label
PMC10239274,PMC10239274.r1.L86.S1.U1,fffbc939179e,label
PMC12827181,PMC12827181.r1.L197.S1.U2,10715651834e,label
PMC12457575,PMC12457575.r1.L128.S1.U1,a4bf004f2985,label
PMC12149468,PMC12149468.r1.L178.S1.U1,a23539b489bf,label
PMC11989310,PMC11989310.r1.L96.S1.U1,a4a89bc91de3,label
PMC11989310,PMC11989310.r1.L106.S1.U1,cbf09638ae37,label
PMC11989310,PMC11989310.r1.L114.S1.U1,216c3fb0d525,label
PMC10828948,PMC10828948.r1.L238.S1.U1,f6320d9f95a6,label
PMC10828948,PMC10828948.r1.L247.S1.U1,0f6bc338c694,label
PMC10828948,PMC10828948.r1.L252.S1.U1,9fe01e411757,label
PMC10828948,PMC10828948.r1.L285.S1.U1,ad48a9ea536c,label
PMC10828948,PMC10828948.r1.L294.S1.U1,0efaa503df18,label
PMC10828948,PMC10828948.r1.L299.S1.U1,3880e793a663,label
PMC10828948,PMC10828948.r1.L304.S1.U1,3ee0c9b04e64,label
PMC12684753,PMC12684753.r1.L191.S1.U1,87d8d6b18ab1,label
PMC12042776,PMC12042776.r1.L805.S1.U1,a816d91777bb,label
PMC12042776,PMC12042776.r1.L832.S1.U1,c550fde6778c,label
PMC12042776,PMC12042776.r1.L853.S1.U1,502e009b808d,label
PMC12042776,PMC12042776.r1.L859.S1.U1,f8cd6f14dc51,label
PMC12921214,PMC12921214.r1.L88.S3.U1,663ad58deb92,label
PMC11339283,PMC11339283.r1.L178.S1.U1,e998964c7b6e,label
PMC13111565,PMC13111565.r1.L287.S2.U1,7fb626023490,label
PMC13111565,PMC13111565.r1.L289.S2.U1,b500e7ddbfea,label
PMC12164003,PMC12164003.r1.L125.S1.U1,855a367fe91f,label
PMC12164003,PMC12164003.r1.L137.S1.U1,53099faf0b0f,label
PMC12164003,PMC12164003.r1.L155.S1.U1,079b2883c98d,label
PMC12164003,PMC12164003.r1.L175.S1.U1,4556524d1c4f,label
PMC10896910,PMC10896910.r1.L215.S1.U1,7e210f2d1d31,label
PMC10221460,PMC10221460.r1.L114.S1.U1,61ebcdf44d1e,label
PMC10221460,PMC10221460.r1.L132.S1.U1,7239f4f6a1dc,label
PMC10221460,PMC10221460.r1.L152.S1.U1,328151036cb4,label
PMC10221460,PMC10221460.r1.L178.S1.U1,be86d2eeffea,label
PMC10221460,PMC10221460.r1.L206.S1.U1,2451fcae2a5c,label
PMC10221460,PMC10221460.r1.L240.S1.U1,840165ac4f41,label
PMC10221460,PMC10221460.r1.L254.S1.U1,156d7ccc1e16,label
PMC10221460,PMC10221460.r1.L258.S1.U1,3b80f6c29851,label
PMC10221460,PMC10221460.r1.L262.S1.U1,cf84121d5306,label
PMC11282056,PMC11282056.r1.L132.S1.U1,4fac231bf271,label
PMC11282056,PMC11282056.r1.L155.S1.U1,357a86280da0,label
PMC10761760,PMC10761760.r1.L60.S1.U1,dd27c40941fb,label
PMC10182840,PMC10182840.r1.L54.S1.U1,b2ee21bce94e,label
PMC10182840,PMC10182840.r1.L66.S1.U1,5cb623b9c134,label
PMC10182840,PMC10182840.r1.L80.S1.U1,24c6eca0c657,label
PMC10182840,PMC10182840.r1.L94.S1.U1,0ba32c4d6acc,label
PMC10182840,PMC10182840.r1.L112.S1.U1,50136efe35b3,label
PMC10329466,PMC10329466.r1.L100.S1.U1,86ceb563b709,label
PMC10329466,PMC10329466.r1.L138.S1.U1,76eed51d2aa7,label
PMC10329466,PMC10329466.r1.L190.S1.U1,c53311a8f752,label
PMC10329466,PMC10329466.r1.L216.S1.U1,9099c0239748,label
PMC10329466,PMC10329466.r1.L240.S1.U1,63853c4ebc8e,label
PMC11757793,PMC11757793.r1.L68.S1.U1,f6e9375b1d90,label
PMC11757793,PMC11757793.r1.L82.S1.U1,16a240d2f89a,label
PMC11757793,PMC11757793.r1.L86.S1.U1,a0b1c7709ec1,label
PMC12223693,PMC12223693.r1.L196.S1.U1,24fd56ef2333,label
PMC12223693,PMC12223693.r1.L206.S1.U1,904035d85395,label
PMC12435003,PMC12435003.r1.L155.S1.U1,4ed97c026fec,label
PMC12435003,PMC12435003.r1.L163.S1.U1,f10bf2531b30,label
PMC12435003,PMC12435003.r1.L171.S1.U1,341714f678bf,label
PMC12435003,PMC12435003.r1.L179.S1.U1,14668984b49f,label
PMC12435003,PMC12435003.r1.L187.S1.U1,0cc525ed64a4,label
PMC12435003,PMC12435003.r1.L195.S1.U1,9c14c4fd5188,label
PMC12435003,PMC12435003.r1.L203.S1.U1,f1d39efa4f61,label
PMC12435003,PMC12435003.r1.L211.S1.U1,d48763b9f2f0,label
PMC12435003,PMC12435003.r1.L219.S1.U1,b32a34fe8957,label
PMC12435003,PMC12435003.r1.L227.S1.U1,9e8c81561b3a,label
PMC13125806,PMC13125806.r1.L214.S2.U1,9288b88b0932,label
PMC13125806,PMC13125806.r1.L224.S1.U1,17041eeaa60c,label
PMC13125806,PMC13125806.r1.L226.S3.U1,57c49fe137d1,label
PMC13125806,PMC13125806.r1.L232.S2.U1,bc31eb41cea5,label
PMC13125806,PMC13125806.r1.L246.S1.U1,5390aa81bfe5,label
PMC13125806,PMC13125806.r1.L254.S2.U1,b596cec0bd29,label
PMC13125806,PMC13125806.r1.L258.S3.U1,f49e29351cdd,label
PMC13125806,PMC13125806.r1.L264.S2.U1,60b1bb60d35c,label
PMC13125806,PMC13125806.r1.L268.S3.U1,5b552cddbb15,label
PMC13125806,PMC13125806.r1.L274.S3.U1,2d4e88e5f50a,label
PMC10543016,PMC10543016.r1.L217.S1.U1,dbc8d6a375f1,label
PMC10171282,PMC10171282.r1.L161.S1.U1,aa62cd94292c,label
PMC10171282,PMC10171282.r1.L166.S1.U1,a1b08f1f261f,label
PMC10171282,PMC10171282.r1.L172.S1.U1,01d945b10fae,label
PMC10171282,PMC10171282.r1.L185.S1.U1,a2761d8cadd3,label
PMC10171282,PMC10171282.r1.L200.S1.U1,ba1d4036005b,label
PMC10171282,PMC10171282.r1.L210.S1.U1,f04e072ea283,label
PMC10171282,PMC10171282.r1.L220.S1.U1,c1fe23004191,label
PMC10171282,PMC10171282.r1.L222.S1.U1,28ab085c2532,label
PMC11927818,PMC11927818.r1.L93.S1.U1,d4a8c9ac21b4,label
PMC10562950,PMC10562950.r1.L108.S1.U1,d5d579ebc1ac,label
PMC12141452,PMC12141452.r1.L191.S1.U1,62aa84732fd3,label
PMC10608120,PMC10608120.r1.L139.S1.U1,3e7df86f1be4,label
PMC12032383,PMC12032383.r1.L382.S2.U1,fe2842dda2e4,label
PMC11303891,PMC11303891.r1.L521.S1.U1,2e622c27612c,label
PMC11303891,PMC11303891.r1.L531.S1.U1,3dcc4728b068,label
PMC11303891,PMC11303891.r1.L531.S1.U2,a53a12227815,continuation
PMC11303891,PMC11303891.r1.L541.S1.U1,fc8e2e3cbb34,label
PMC10904823,PMC10904823.r1.L174.S4.U1,fd4bf135101c,label
PMC11311159,PMC11311159.r1.L154.S1.U1,d35bb9e81fc1,label
PMC11311159,PMC11311159.r1.L166.S1.U1,0bd9f8362357,label
PMC11311159,PMC11311159.r1.L174.S1.U1,e1b6e9bc0211,label
PMC11311159,PMC11311159.r1.L182.S1.U1,ce9fde8bba08,label
PMC11311159,PMC11311159.r1.L194.S1.U1,f06e565ad709,label
PMC11311159,PMC11311159.r1.L212.S1.U1,5def9011e6c4,label
PMC11311159,PMC11311159.r1.L222.S1.U1,dae6b9ca601f,label
PMC11311159,PMC11311159.r1.L236.S1.U1,bc5e56b0258a,label
PMC11311159,PMC11311159.r1.L250.S1.U1,53c21f764bfd,label
PMC11311159,PMC11311159.r1.L264.S1.U1,3a058b254864,label
PMC11311159,PMC11311159.r1.L276.S1.U1,7b60487680fc,label
PMC11311159,PMC11311159.r1.L286.S1.U1,266bbe7bd054,label
PMC10234226,PMC10234226.r1.L55.S1.U1,ef428f8ff5d3,label
PMC10234226,PMC10234226.r1.L75.S1.U1,0a90d2d07a1b,label
PMC11063893,PMC11063893.r1.L293.S1.U1,f741da5d6a3c,label
PMC11063893,PMC11063893.r1.L293.S1.U2,b7afd9688c45,continuation
PMC11063893,PMC11063893.r1.L301.S1.U1,d7afa0c8d4b5,label
PMC11063893,PMC11063893.r1.L309.S1.U1,b43a06a7f78b,label
PMC12947187,PMC12947187.r1.L187.S1.U1,4b2115e16b7c,label
PMC10796352,PMC10796352.r1.L134.S1.U1,f98065415470,label
PMC10796352,PMC10796352.r1.L138.S1.U1,65e89b90a6e3,label
PMC11363241,PMC11363241.r1.L86.S1.U1,a39e1689789c,label
PMC10988356,PMC10988356.r1.L152.S3.U2,a4f3382aed0e,label
PMC13440585,PMC13440585.r1.L153.S2.U1,40607f310a6b,label
PMC13440585,PMC13440585.r1.L165.S2.U1,a328dcbe26ac,label
PMC13440585,PMC13440585.r1.L185.S2.U1,123b902a0b55,label
PMC12074495,PMC12074495.r1.L233.S1.U1,6e0510c7ddfb,label
PMC10875189,PMC10875189.r1.L121.S1.U1,517b6f8a0cb6,label
PMC10875189,PMC10875189.r1.L133.S1.U1,b845cf1c93d5,label
PMC10875189,PMC10875189.r1.L143.S1.U1,62e204617a12,label
PMC10875189,PMC10875189.r1.L151.S1.U1,b009677efa4b,label
PMC10875189,PMC10875189.r1.L159.S1.U1,a537149e3082,label
PMC10875189,PMC10875189.r1.L171.S1.U1,3beb68a7f43b,label
PMC10875189,PMC10875189.r1.L179.S1.U1,aea397f601f1,label
PMC10875189,PMC10875189.r1.L189.S1.U1,f899f9bc269a,label
PMC10875189,PMC10875189.r1.L205.S1.U1,ed26cfc4590b,label
PMC10875189,PMC10875189.r1.L213.S1.U1,bcf6b1477138,label
PMC12126133,PMC12126133.r1.L180.S9.U2,17159fc3c409,label
