pmcid,reason,pmid,pubmed_publication_types
PMC10505389,MEDLINE PublicationType: Retracted Publication,37724135,Journal Article|Retracted Publication
PMC10828640,MEDLINE PublicationType: Retracted Publication,38298626,Journal Article|Review|Retracted Publication
PMC11093861,MEDLINE PublicationType: Retracted Publication,38578309,Journal Article|Retracted Publication
PMC11511869,MEDLINE PublicationType: Retracted Publication,39455647,Journal Article|Retracted Publication
PMC11516011,MEDLINE PublicationType: Retracted Publication,39466770,Journal Article|Retracted Publication
PMC11582668,MEDLINE PublicationType: Retracted Publication,39572576,Journal Article|Retracted Publication
PMC11657427,MEDLINE PublicationType: Retracted Publication,39696658,Journal Article|Retracted Publication
PMC11699079,MEDLINE PublicationType: Retracted Publication,39759354,Journal Article|Retracted Publication
PMC11856313,MEDLINE PublicationType: Retracted Publication,39999194,Journal Article|Retracted Publication
PMC11874025,MEDLINE PublicationType: Retracted Publication,39916476,Journal Article|Review|Retracted Publication
PMC12040121,MEDLINE PublicationType: Retracted Publication,40299923,Journal Article|Retracted Publication
PMC12208495,MEDLINE PublicationType: Retracted Publication,40587446,Journal Article|Retracted Publication
PMC12273921,MEDLINE PublicationType: Retracted Publication,40680072,Journal Article|Retracted Publication
PMC12413008,MEDLINE PublicationType: Retracted Publication,40911621,Journal Article|Retracted Publication
PMC12439504,MEDLINE PublicationType: Retracted Publication,40938068,Journal Article|Retracted Publication
PMC12453038,MEDLINE PublicationType: Retracted Publication,40988772,Journal Article|Review|Retracted Publication
PMC12456827,MEDLINE PublicationType: Retracted Publication,40986623,"Journal Article|Research Support, Non-U.S. Gov't|Retracted Publication"
PMC12552804,MEDLINE PublicationType: Retracted Publication,41143167,Journal Article|Retracted Publication
PMC12671778,MEDLINE PublicationType: Retracted Publication,41329706,Journal Article|Retracted Publication
PMC12804857,MEDLINE PublicationType: Retracted Publication,41345495,Journal Article|Retracted Publication
PMC13066107,MEDLINE PublicationType: Retracted Publication,41772006,Journal Article|Retracted Publication
PMC13138383,MEDLINE PublicationType: Retracted Publication,42088811,Journal Article|Review|Retracted Publication
PMC13194745,MEDLINE PublicationType: Retracted Publication,42181403,Journal Article|Review|Retracted Publication
PMC13291457,MEDLINE PublicationType: Retracted Publication,42311081,Journal Article|Retracted Publication
PMC8270720,MEDLINE PublicationType: Retracted Publication,34306051,Journal Article|Retracted Publication
PMC8723857,MEDLINE PublicationType: Retracted Publication,34987569,Journal Article|Retracted Publication
PMC8767381,MEDLINE PublicationType: Retracted Publication,35070235,"Journal Article|Research Support, Non-U.S. Gov't|Retracted Publication"
PMC8849812,MEDLINE PublicationType: Retracted Publication,35186058,Journal Article|Retracted Publication
PMC8863472,MEDLINE PublicationType: Retracted Publication,35211168,Journal Article|Retracted Publication
PMC8913054,MEDLINE PublicationType: Retracted Publication,35281185,Journal Article|Retracted Publication
PMC9013570,MEDLINE PublicationType: Retracted Publication,35440944,Journal Article|Retracted Publication
PMC9162811,MEDLINE PublicationType: Retracted Publication,35665290,Journal Article|Retracted Publication
PMC9205707,MEDLINE PublicationType: Retracted Publication,35722459,Journal Article|Retracted Publication
PMC9259254,MEDLINE PublicationType: Retracted Publication,35814572,Journal Article|Retracted Publication
PMC9259260,MEDLINE PublicationType: Retracted Publication,35814603,Journal Article|Retracted Publication
PMC9282988,MEDLINE PublicationType: Retracted Publication,35912313,Journal Article|Retracted Publication
PMC9282989,MEDLINE PublicationType: Retracted Publication,35845909,Journal Article|Retracted Publication
PMC9286960,MEDLINE PublicationType: Retracted Publication,35845598,Journal Article|Retracted Publication
PMC9334101,MEDLINE PublicationType: Retracted Publication,35909873,Journal Article|Retracted Publication
PMC9363196,MEDLINE PublicationType: Retracted Publication,35958793,Journal Article|Retracted Publication
PMC9377845,MEDLINE PublicationType: Retracted Publication,35978889,Journal Article|Retracted Publication
PMC9433233,MEDLINE PublicationType: Retracted Publication,36060867,"Journal Article|Research Support, Non-U.S. Gov't|Retracted Publication"
PMC9489390,MEDLINE PublicationType: Retracted Publication,36148404,"Journal Article|Research Support, Non-U.S. Gov't|Retracted Publication"
PMC9532059,MEDLINE PublicationType: Retracted Publication,36203725,Journal Article|Retracted Publication
PMC9536923,MEDLINE PublicationType: Retracted Publication,36213025,Journal Article|Retracted Publication
PMC9708337,MEDLINE PublicationType: Retracted Publication,36458230,Journal Article|Retracted Publication
