word	type	lemma	count	total	joined
5s	C	5s	9	11	1
80s	C	80	3	3	1
aas	C	aas	16	29	1
abiding	M	abide	1	1	1
ablated	C	ablate	1	1	1
ablated	M	ablate	35	36	1
abs	C	abs	8	14	2
abstracted	M	abstract	15	18	1
academics	C	academic	219	219	1
accelerated	C	accelerated	1	2	2
accelerated	M	accelerate	57	76	8
accelerating	P	accelerate	288	288	1
accepted	M	accept	132	149	2
accepted	P	accept	275	275	1
accessed	M	access	9	9	8
accessed	P	access	1658	1658	1
accidents	C	accident	21	21	3
accredited	M	accredit	4	7	1
accumulated	P	accumulate	44	44	1
achieved	M	achieve	33	33	1
achieving	C	achieve	35	35	1
achieving	M	achieve	3	3	8
acids	C	acid	426	426	3
acknowledged	M	acknowledge	18	18	1
acps	C	acp	13	15	1
acquired	M	acquire	60	60	17
acting	M	act	3	3	8
actions	C	action	826	829	2
activated	M	activate	28	28	2
actors	C	actor	149	150	2
adapted	C	adapt	10	14	7
adapted	M	adapt	236	250	164
adapted	P	adapt	1461	1461	9
adapting	M	adapt	2	2	1
adding	M	add	3	3	1
additions	C	addition	60	60	1
addressed	P	address	1495	1495	1
adhering	P	adhere	213	213	1
adjudicated	M	adjudicate	39	40	12
adjusted	C	adjust	36	45	1
adjusted	P	adjust	488	488	5
adjusting	M	adjust	2	2	1
adjusts	P	adjust	102	102	1
administered	M	administer	12	12	8
administered	P	administer	306	306	6
admissions	C	admission	100	109	1
admitted	M	admit	1	1	2
adopted	C	adopt	19	19	1
adopted	M	adopt	171	171	10
advancing	M	advance	67	67	2
advised	M	advise	3	3	1
advisors	C	advisor	46	46	2
affairs	C	affair	24	33	1
affecting	M	affect	1	1	1
affirming	M	affirm	4	6	10
affirming	P	affirm	60	60	3
afps	C	afp	10	12	3
agents	C	agent	4157	4219	30
aggregated	C	aggregate	8	8	1
aggregated	M	aggregate	239	244	3
aggregating	P	aggregate	157	157	1
agonists	C	agonist	14	14	1
agreed	M	agree	16	16	1
agreeing	P	agree	51	51	1
aided	C	aid	3	4	1
aided	M	aid	54	54	50
aided	P	aid	89	89	2
aiding	M	aid	3	3	1
aids	C	aid	379	411	1
alerting	P	alert	17	17	1
algorithms	C	algorithm	3199	3202	2
aligned	M	align	209	217	6
aligned	P	align	1637	1637	1
aligning	M	align	1	1	1
aligns	P	align	1477	1477	1
allowed	P	allow	1140	1140	1
altering	M	alter	1	1	2
altering	P	alter	152	152	1
amplifying	M	amplify	2	2	1
amps	C	amp	75	111	4
analysed	P	analyse	290	290	1
analyses	C	analysis	3450	3455	240
analyses	P	analyse	39	40	1
analysts	C	analyst	129	130	1
analyzed	C	analyze	42	42	3
analyzed	M	analyze	105	105	26
analyzed	P	analyze	2263	2263	7
analyzes	C	analyze	14	14	1
analyzes	P	analyze	286	286	1
analyzing	P	analyze	2434	2434	3
anchored	C	anchored	6	7	1
anchored	M	anchor	11	13	30
anchoring	M	anchor	10	14	1
animals	C	animal	107	113	2
annotated	C	annotate	9	11	2
annotated	M	annotate	967	984	66
annotated	P	annotate	350	350	4
annotates	P	annotate	14	14	1
annotating	P	annotate	150	150	2
annotations	C	annotation	1411	1412	2
anonymized	M	anonymized	193	225	1
anonymized	P	anonymize	119	119	1
answered	P	answer	1898	1898	2
answering	C	answering	1529	1649	22
answering	M	answer	77	88	193
answering	P	answer	3632	3632	13
answers	C	answer	11678	11699	27
antimicrobials	C	antimicrobial	9	9	1
apis	C	api	686	769	1
appearing	M	appear	4	4	1
apples	C	apple	5	5	2
applied	M	apply	136	237	1
applied	P	apply	6606	6606	2
approaches	C	approach	7872	7880	1
approved	C	approve	3	4	2
approved	M	approve	74	84	7
approved	P	approve	133	133	1
approximated	P	approximate	50	50	1
areas	C	area	3438	3440	4
argued	C	argue	1	1	1
arguments	C	argument	300	301	1
arranged	P	arrange	44	44	1
arranging	P	arrange	11	11	1
articles	C	article	4013	4020	3
articulated	M	articulate	8	8	3
articulated	P	articulate	56	56	5
artists	C	artist	4	7	1
as	C	as	3291	3301	1
ascriptions	C	ascription	11	11	3
asked	M	ask	769	769	3
asked	P	ask	3711	3711	3
asking	P	ask	930	930	2
aspirants	C	aspirant	1	1	1
assessed	C	assess	61	61	1
assessed	M	assess	108	109	28
assessed	P	assess	4915	4915	4
assessing	P	assess	3148	3148	3
assessments	C	assessment	3272	3278	32
assigned	C	assign	6	6	1
assigned	M	assign	235	235	122
assigned	P	assign	1384	1384	4
assigning	C	assign	4	6	1
assigning	P	assign	419	419	2
assignments	C	assignment	660	662	1
assistants	C	assistant	1058	1069	4
assisted	C	assist	50	82	31
assisted	M	assist	2368	2386	334
assisted	P	assist	229	229	27
assisting	M	assist	19	19	3
associated	C	associated	7	12	1
associated	M	associate	753	780	9
associates	C	associate	13	23	1
assuming	P	assume	217	217	1
asymmetries	C	asymmetry	29	29	2
atgs	C	atg	3	5	1
athletes	C	athlete	64	64	1
atoms	C	atom	136	137	1
attacks	C	attack	514	516	11
attempts	C	attempt	771	771	1
attended	M	attend	15	19	1
attended	P	attend	34	34	1
attending	M	attend	199	200	1
attends	P	attend	20	20	1
attentions	C	attention	24	24	3
attested	M	attest	2	2	1
attracting	M	attract	1	1	1
attributed	M	attribute	26	26	13
attributed	P	attribute	1378	1378	2
attributes	P	attribute	16	16	1
attributions	C	attribution	137	137	3
aucs	C	auc	139	147	3
audited	M	audit	13	13	1
audits	C	audit	89	89	3
augmented	C	augmented	130	149	28
augmented	M	augment	664	752	1072
augmented	P	augment	433	433	14
augmenting	M	augment	4	4	4
authored	M	author	40	40	238
authored	P	author	148	148	20
authoring	P	author	18	20	2
authors	C	author	4408	4416	30
authorships	C	authorship	3	3	1
automated	M	automate	3750	3901	2
automates	P	automate	59	59	1
avatars	C	avatar	85	87	3
averaged	M	average	97	99	6
averages	C	average	140	140	3
averaging	C	averaging	50	53	1
averaging	M	average	3	3	1
avoiding	P	avoid	370	370	1
avps	C	avp	3	4	1
axes	C	axis	117	117	1
backed	M	back	15	15	4
backs	C	back	1	2	2
bags	C	bag	9	9	1
balanced	P	balance	82	82	1
balances	C	balance	5	5	1
bands	C	band	47	47	1
bars	C	bar	268	268	1
based	C	base	3403	3430	73
based	M	base	19108	19112	1237
based	P	base	12051	12051	68
bases	C	basis	460	463	3
batches	C	batch	134	134	28
bearing	M	bear	4	5	10
behaviours	C	behaviour	137	137	1
beliefs	C	belief	384	385	1
benchmarked	M	benchmarke	30	30	1
benchmarks	C	benchmark	2456	2459	2
best	C	good	1014	1128	8
best	M	good	4393	6022	83
best	P	good	4	4	1
better	C	well	1743	1745	2
better	M	well	9887	9887	1
bgcs	C	bgc	7	9	1
biases	C	bias	3923	3937	2
binders	C	binder	25	25	2
binding	C	binding	232	270	1
binding	M	bind	463	476	47
biologists	C	biologist	25	25	1
biomarkers	C	biomarker	268	269	8
biomes	C	biome	7	7	5
blaming	P	blame	2	2	1
blended	M	blend	41	44	4
blinded	M	blinded	279	510	3
blinding	M	blind	12	17	1
blockers	C	blocker	8	8	3
blocking	M	block	10	10	1
blocks	C	block	674	682	2
boggling	M	boggle	1	1	1
boosted	M	boost	25	26	20
boosting	M	boost	28	35	3
boosting	P	boost	138	138	2
bootstrapped	M	bootstrappe	39	39	1
bootstrapping	M	bootstrappe	7	8	3
bots	C	bot	166	168	12
boundaries	C	boundary	722	722	2
bounded	M	bound	74	100	3
bounded	P	bound	28	28	1
bounds	C	bound	89	89	1
boxes	C	box	223	223	4
bps	C	bps	33	48	1
branches	C	branch	93	93	3
breaking	M	break	6	6	13
bridging	M	bridge	16	16	1
broadening	M	broaden	3	3	1
browsing	P	browse	13	13	1
builders	C	builder	7	7	1
building	M	build	6	6	3
building	P	build	1529	1529	2
bytes	C	byte	18	19	1
calculated	C	calculate	38	43	1
calculated	M	calculate	80	88	10
calculated	P	calculate	1654	1654	1
calculus	C	calculus	15	15	1
calibrated	C	calibrate	11	18	8
calibrated	M	calibrate	119	120	32
calibrated	P	calibrate	109	109	19
called	M	call	17	17	12
called	P	call	1594	1594	2
calling	M	call	5	6	1
calls	C	call	686	688	2
candidates	C	candidate	902	903	2
capabilities	C	capability	16396	16400	1
captions	C	caption	292	295	1
captured	M	capture	20	21	6
capturing	M	capture	7	7	3
capturing	P	capture	2021	2021	1
cardiologists	C	cardiologist	173	173	1
carriers	C	carrier	10	10	1
cased	C	cased	95	152	2
cased	M	case	110	138	1
cased	P	case	55	55	4
cases	C	case	11898	11915	34
casts	P	cast	12	12	1
catalysts	C	catalyst	41	41	1
catalyzed	M	catalyze	3	3	7
categories	C	category	4308	4313	9
categorized	C	categorize	6	7	1
categorized	P	categorize	778	778	1
categorizing	P	categorize	237	237	1
caused	M	cause	2	2	3
causes	C	cause	352	353	2
causing	M	cause	6	6	4
causing	P	cause	192	192	1
cdms	C	cdm	17	21	2
cdss	C	cdss	235	258	2
centered	M	center	24	25	1
centers	C	center	244	277	1
centred	M	centre	2	3	7
certificated	M	certificate	1	2	1
certified	C	certified	13	14	5
certified	M	certify	55	72	320
certified	P	certify	22	22	4
certifying	M	certify	2	2	1
cfs	C	cf	17	34	3
chairs	C	chairs	1	1	1
challenging	M	challenging	533	822	6
changers	C	changer	4	4	2
changes	C	change	1972	1972	2
changing	M	change	125	126	25
changing	P	change	335	335	1
characterized	M	characterize	11	12	21
characterized	P	characterize	640	640	2
characterizing	M	characterize	2	2	1
charted	M	chart	4	4	1
charts	C	chart	358	359	1
chatbots	C	chatbot	7336	7562	11
chats	C	chat	95	99	1
checked	C	checked	1	1	2
checked	M	check	2	2	8
checked	P	check	246	246	68
checkers	C	checker	68	72	4
checking	C	checking	163	171	4
checking	M	check	2	2	5
checking	P	check	144	144	39
checks	C	check	373	374	14
checks	P	check	25	25	3
choices	C	choice	932	936	1
chunking	M	chunking	2	3	28
circumscribed	M	circumscribed	8	8	4
citations	C	citation	1061	1061	4
cited	C	cite	7	9	1
cited	M	cite	269	283	24
cited	P	cite	421	421	1
class	C	class	1966	1967	1
classes	C	class	1034	1034	2
classifications	C	classification	868	870	11
classified	P	classify	1543	1543	3
classifiers	C	classifier	1354	1357	12
classifying	M	classify	8	8	2
clauses	C	clause	94	94	1
cleaned	M	clean	69	73	1
cleared	M	clear	2	4	1
clicking	P	click	21	21	1
clinicians	C	clinician	4535	4540	4
clipped	P	clip	3	3	1
clips	C	clip	40	40	1
closed	M	closed	230	278	1
clouds	C	cloud	50	50	1
clustered	M	cluster	43	47	3
clustered	P	cluster	130	130	1
clustering	M	cluster	24	27	1
clusters	C	cluster	575	578	1
cnns	C	cnns	677	1233	3
coded	C	code	8	8	2
coded	M	code	137	137	41
coded	P	code	258	258	32
coders	C	coder	363	363	2
codes	C	code	1278	1285	7
codified	M	codify	12	13	1
coding	M	code	426	529	9
coding	P	code	126	126	1
cognates	C	cognate	1	2	3
collated	P	collate	24	24	1
collected	C	collect	3	3	1
collected	M	collect	231	232	7
collecting	M	collect	2	3	1
combining	C	combine	29	31	1
combining	P	combine	2908	2908	2
comings	C	coming	1	1	1
communities	C	community	344	348	1
compared	P	compare	8759	8759	3
comparing	P	compare	4973	4973	1
comparisons	C	comparison	3103	3105	4
compensated	M	compensate	5	8	1
competing	P	compete	21	21	2
compiled	M	compile	32	32	1
completed	M	complete	68	68	6
completed	P	complete	660	660	1
completers	C	completer	1	1	3
completions	C	completion	130	139	1
components	C	component	2351	2353	7
composed	M	compose	8	8	2
comprehended	M	comprehend	1	1	1
comprising	C	comprise	10	10	1
compromised	M	compromised	17	31	1
computed	M	compute	129	194	1
computed	P	compute	823	823	6
concatenated	M	concatenate	129	132	1
concentrated	P	concentrate	246	246	1
concepts	C	concept	2415	2419	1
conclusions	C	conclusion	1024	1024	1
conditioned	M	condition	16	21	51
conditioned	P	condition	218	218	1
conditions	C	condition	5801	5807	1
conducted	M	conduct	35	35	15
conducted	P	conduct	7114	7114	3
configurations	C	configuration	1180	1180	1
configured	M	configure	20	20	3
configured	P	configure	288	288	4
confirmed	M	confirm	101	103	4
confirmed	P	confirm	1004	1004	1
conflicting	M	conflicting	106	204	13
conforming	M	conform	1	1	5
conforming	P	conform	9	9	2
confusing	M	confusing	20	24	1
connected	M	connect	382	392	2
connectives	C	connective	7	7	2
conserving	P	conserve	10	10	1
considering	M	consider	3	3	1
constrained	C	constrained	112	128	21
constrained	M	constrain	221	425	304
constrained	P	constrain	579	579	6
constructed	C	construct	18	18	1
constructed	M	construct	175	175	26
constructing	M	construct	1	1	1
constructing	P	construct	566	566	1
constructs	P	construct	216	216	2
consultations	C	consultation	704	704	3
consulted	P	consult	99	99	1
consulting	M	consult	7	7	1
consuming	C	consume	2	2	4
consuming	M	consume	3	3	81
consuming	P	consume	66	66	19
containing	M	contain	11	11	41
contaminated	M	contaminate	4	6	1
contexts	C	context	5400	5402	3
contextualising	P	contextualise	7	7	1
contextualized	M	contextualize	764	856	2
contouring	M	contour	1	1	1
contours	C	contour	21	21	1
contributes	P	contribute	658	658	1
controlled	M	controlled	746	1319	4
controlled	P	control	157	157	1
controllers	C	controller	65	65	2
controls	C	control	283	289	1
converted	M	convert	22	22	10
converting	C	convert	7	7	1
convolutions	C	convolution	71	72	1
coordinates	C	coordinate	188	188	2
copilots	C	copilot	33	33	1
corrected	C	correct	4	5	3
corrected	M	correct	94	100	30
corrected	P	correct	240	240	14
correcting	C	correct	5	6	2
correcting	M	correct	2	2	24
correcting	P	correct	174	174	4
corrections	C	correction	258	258	12
corrects	P	correct	23	23	1
correlating	P	correlate	75	75	1
correlations	C	correlation	1227	1229	4
corresponding	M	correspond	1468	2437	1
corrupted	M	corrupted	26	42	1
corticated	M	corticate	2	3	1
cos	C	cos	12	13	3
cots	C	cot	20	23	1
counted	P	count	111	111	1
counting	P	count	35	35	1
coupled	M	couple	33	39	6
cpps	C	cpp	9	12	2
crafted	C	crafted	1	1	3
crafted	M	craft	136	136	30
crafted	P	craft	160	160	1
crawled	C	crawled	2	2	2
crawled	M	crawl	6	7	2
created	C	create	27	27	5
created	M	create	153	153	68
created	P	create	2428	2429	7
creating	C	create	54	56	1
creating	M	create	1	1	2
creating	P	create	1734	1734	7
creators	C	creator	137	137	4
credited	P	credit	46	46	3
crediting	P	credit	8	8	2
crfs	C	crf	10	15	3
critiqued	P	critique	16	16	1
crossing	P	cross	11	11	1
crowdsourced	M	crowdsource	42	42	1
cultured	P	culture	9	9	6
cultures	C	culture	124	124	3
curated	C	curate	24	25	5
curated	M	curate	1080	1085	146
curated	P	curate	239	239	4
customized	M	customize	739	817	2
cutting	M	cutting	18	25	2
databases	C	database	1735	1735	1
datasets	C	dataset	10902	10907	8
dated	P	date	46	46	1
dates	P	date	7	7	2
dating	P	date	12	12	1
days	C	day	593	593	3
dbcis	C	dbci	4	4	2
dcts	C	dct	10	10	2
debugging	M	debug	5	5	1
deceased	M	deceased	7	9	1
deciding	M	decide	3	3	4
decisions	C	decision	3802	3803	4
declared	M	declare	15	15	3
decoded	P	decode	47	47	1
decoders	C	decoder	129	129	3
decoding	C	decoding	564	574	1
decoding	M	decode	11	14	2
decomposed	M	decompose	10	11	3
decoupled	M	decouple	15	19	3
dedicated	M	dedicated	538	648	9
defined	C	define	19	20	2
defined	M	define	393	395	93
defined	P	define	1541	1541	5
defining	M	define	38	42	5
defining	P	define	268	268	3
definitions	C	definition	658	658	1
degraded	M	degraded	36	40	2
degrading	M	degrade	1	1	2
delimited	M	delimit	2	2	2
delivered	C	deliver	2	2	3
delivered	M	deliver	49	49	15
delivered	P	deliver	541	541	4
demanding	M	demanding	90	109	9
demanding	P	demand	91	91	3
demarcated	M	demarcate	2	2	1
demographics	C	demographic	355	355	3
demonstrated	M	demonstrate	229	230	1
demonstrated	P	demonstrate	17653	17653	1
denials	C	denial	7	7	1
denoised	M	denoise	8	8	1
denoising	M	denoise	52	55	1
dependencies	C	dependency	2258	2258	10
deployed	C	deploy	17	18	1
deployed	M	deploy	312	312	32
deploying	M	deploy	1	1	1
derived	C	derive	18	18	6
derived	M	derive	1034	1035	177
derived	P	derive	2418	2418	7
deriving	P	derive	89	89	1
dermatologists	C	dermatologist	115	117	5
described	M	describe	122	122	4
described	P	describe	2602	2602	2
describes	P	describe	401	401	1
descriptions	C	description	3067	3070	5
descriptors	C	descriptor	569	572	2
designated	M	designate	91	91	1
designed	M	design	351	351	58
designed	P	design	6842	6842	15
designers	C	designer	107	107	2
designing	P	design	648	648	6
designs	C	design	660	660	1
desired	M	desire	673	687	1
destroying	M	destroy	1	1	2
detected	M	detect	122	122	3
detected	P	detect	587	587	3
detecting	P	detect	1575	1575	1
detectors	C	detector	225	225	5
detects	P	detect	99	99	1
determined	C	determine	5	6	1
determined	M	determine	31	33	5
determined	P	determine	1149	1149	1
determining	M	determine	5	6	9
determining	P	determine	788	788	1
developed	M	develop	542	560	71
developed	P	develop	9067	9068	6
developing	M	develop	130	130	4
developing	P	develop	2311	2311	2
devices	C	device	881	884	2
devised	M	devise	3	3	1
diagnosed	M	diagnose	73	73	3
diagnosed	P	diagnose	296	296	1
diagnoses	C	diagnosis	3380	3384	2
diagnosing	M	diagnose	1	1	4
diagnosing	P	diagnose	756	756	3
diagonals	C	diagonal	2	2	1
diagrams	C	diagram	175	176	2
dialects	C	dialect	126	127	1
dictated	M	dictate	4	4	3
differences	C	difference	8731	8732	1
differentiated	M	differentiated	52	75	2
differentiated	P	differentiate	51	51	1
dimensions	C	dimension	2573	2581	12
diminishing	M	diminish	51	53	2
directed	M	direct	58	63	39
directions	C	direction	1007	1011	1
disabled	C	disabled	3	4	3
disagreed	M	disagree	2	2	2
disciplines	C	discipline	771	771	15
discovered	M	discover	35	35	2
discovered	P	discover	299	299	1
discussed	M	discuss	64	64	4
discussed	P	discuss	1531	1531	2
diseases	C	disease	2801	2901	3
disguised	P	disguise	3	3	1
disordered	M	disordered	35	36	1
disparities	C	disparity	649	651	2
dispositions	C	disposition	28	28	1
distances	C	distance	195	195	2
distilled	M	distil	256	291	5
distinguishing	M	distinguish	40	43	2
distractors	C	distractor	79	79	1
distributed	M	distribute	317	342	3
distributing	P	distribute	28	28	1
diversifying	P	diversify	23	23	1
divided	M	divide	7	7	3
divided	P	divide	508	508	1
documented	P	document	713	713	1
documents	C	document	2446	2455	10
domains	C	domain	6544	6546	10
dominated	M	dominate	2	2	3
doped	M	dope	4	4	1
doubts	C	doubt	78	78	1
drafted	C	drafted	1	2	1
drafted	M	draft	26	26	20
drafted	P	draft	90	90	1
dried	M	dry	2	3	4
driving	C	driving	273	278	1
driving	M	drive	51	57	27
dropped	M	drop	3	3	1
drying	M	dry	1	2	1
ds	C	ds	287	304	5
dts	C	dt	20	28	2
duplicated	M	duplicated	13	22	1
duplicated	P	duplicate	9	9	2
duplicates	C	duplicate	95	95	1
duplicates	P	duplicate	1	1	1
dwelling	M	dwell	1	1	7
earning	M	earn	1	1	2
edges	C	edge	151	151	2
edited	C	edit	5	5	3
edited	M	edit	45	46	12
edited	P	edit	148	148	1
editing	M	edit	4	5	3
editing	P	edit	111	111	2
editors	C	editor	144	172	2
edits	C	edit	165	165	2
eds	C	ed	44	83	1
educating	P	educate	123	123	1
educators	C	educator	1290	1292	4
effectors	C	effector	15	15	2
effects	C	effect	2820	2826	10
efficiencies	C	efficiency	53	53	1
ehrs	C	ehr	489	650	3
elaborating	P	elaborate	31	31	2
elements	C	element	1739	1749	6
elns	C	elns	2	3	1
embedded	C	embed	24	40	1
embedded	M	embed	401	409	43
embedded	P	embed	1181	1182	1
embedding	C	embedding	5319	5524	2
embedding	M	embed	199	229	4
embedding	P	embed	487	489	2
embeddings	C	embedding	10194	10275	17
embeds	P	embed	107	108	1
emerging	M	emerge	2156	2350	1
emerging	P	emerge	500	500	1
emitting	M	emit	1	1	2
emotions	C	emotion	855	863	5
emphasises	P	emphasise	40	40	1
emphasising	P	emphasise	57	57	2
emphasized	M	emphasize	6	6	1
emphasized	P	emphasize	921	921	2
employed	P	employ	5146	5146	1
empowered	C	empowered	9	10	1
empowered	M	empower	39	41	29
enabled	C	enable	8	9	8
enabled	M	enable	390	390	139
enabling	M	enable	24	24	1
encapsulated	M	encapsulate	5	6	1
encoded	C	encode	31	32	1
encoded	M	encode	197	197	22
encoded	P	encode	822	822	10
encoders	C	encoder	928	936	22
encoding	M	encode	22	30	20
encompassing	M	encompass	4	4	2
encountered	M	encounter	33	33	1
ending	M	end	1	1	1
endorsed	C	endorse	1	1	1
endorsed	M	endorse	5	5	10
ends	C	end	29	30	6
enforced	M	enforce	7	7	3
engaged	M	engage	7	10	6
engaging	M	engaging	87	111	1
engineered	C	engineer	4	7	1
engineered	M	engineer	158	163	107
engineered	P	engineer	148	148	10
engineering	P	engineer	32	32	3
enhanced	C	enhanced	100	129	24
enhanced	M	enhance	1986	2423	466
enhanced	P	enhance	1412	1412	21
enhancers	C	enhancer	91	92	10
enhancing	C	enhance	44	47	2
enhancing	M	enhance	12	12	26
enhancing	P	enhance	4611	4611	3
enriched	C	enriched	11	17	2
enriched	M	enrich	147	186	33
ensuring	P	ensure	2861	2861	1
entailing	C	entailing	2	2	1
entailing	M	entail	3	3	4
entailing	P	entail	6	6	1
entered	M	enter	19	19	9
entered	P	enter	954	954	15
entering	P	enter	206	206	1
enterprises	C	enterprise	45	45	1
entities	C	entity	1825	1832	8
environments	C	environment	2186	2189	1
enzymes	C	enzyme	122	123	1
epochs	C	epoch	794	800	4
equipped	M	equip	8	9	1
es	C	es	104	113	1
established	M	establish	1664	1775	2
establishes	P	establish	279	279	2
establishing	P	establish	708	708	1
estimated	M	estimate	403	422	6
estimated	P	estimate	437	437	9
estimates	P	estimate	66	66	1
estimating	P	estimate	268	268	3
estimators	C	estimator	32	32	1
evaluated	C	evaluate	154	155	3
evaluated	M	evaluate	1350	1350	17
evaluated	P	evaluate	13417	13417	61
evaluates	P	evaluate	1055	1055	5
evaluating	C	evaluate	38	41	1
evaluating	M	evaluate	26	26	3
evaluating	P	evaluate	5841	5841	11
evaluations	C	evaluation	3962	3964	6
evaluators	C	evaluator	1394	1397	1
events	C	event	971	975	1
evoked	M	evoke	18	18	9
evolving	M	evolve	979	983	58
evolving	P	evolve	528	528	5
evotuned	M	evotune	6	6	1
examinations	C	examination	2518	2613	3
examined	M	examine	117	118	2
examined	P	examine	2761	2761	9
examines	P	examine	485	485	1
examining	P	examine	1331	1331	2
examples	C	example	4135	4138	5
exams	C	exam	1700	1735	4
excerpts	C	excerpt	187	187	1
excluded	C	exclude	5	5	1
excluded	P	exclude	1177	1177	1
executables	C	executable	2	2	2
executed	M	execute	26	26	3
executed	P	execute	389	389	1
executing	C	execute	7	7	1
executing	M	execute	4	4	2
executing	P	execute	226	226	1
executors	C	executor	9	9	1
exemplars	C	exemplar	91	92	1
existing	M	exist	5626	5965	21
existing	P	exist	33	33	1
expanding	M	expand	208	208	7
expanding	P	expand	747	747	1
experimented	P	experiment	271	271	1
experiments	C	experiment	4214	4225	2
experts	C	expert	4825	4904	98
explained	P	explain	715	715	1
explaining	M	explain	2	2	1
explaining	P	explain	565	565	2
explains	P	explain	267	267	1
explanations	C	explanation	3330	3383	17
exploited	M	exploit	4	4	1
exploiting	M	exploit	1	1	4
explored	C	explore	9	10	2
explored	M	explore	32	33	3
explored	P	explore	4036	4036	14
explored	T	explore	1	1	2
exploring	M	explore	2	2	1
exposed	C	exposed	1	1	1
exposed	M	expose	19	19	1
expressed	M	express	90	92	2
expressed	P	express	909	909	1
expressing	M	express	1	1	3
expressing	P	express	166	166	1
expressions	C	expression	867	870	11
extending	M	extend	1	1	1
extracted	C	extract	33	35	2
extracted	M	extract	996	996	47
extracted	P	extract	2664	2664	5
extracting	C	extract	30	31	1
extracting	M	extract	5	5	1
extracting	P	extract	2465	2465	3
extracts	P	extract	472	473	1
fabricated	P	fabricate	213	213	1
facilitated	M	facilitate	17	17	14
facilitating	M	facilitate	63	63	1
facing	C	face	2	3	3
facing	M	face	16	16	489
facing	P	face	169	169	3
factoring	P	factor	11	11	1
factors	C	factor	3819	3827	3
failing	P	fail	280	280	1
falling	M	fall	3	3	1
faster	M	fast	689	689	1
fastest	M	fast	146	146	1
favoring	M	favor	1	1	2
fcs	C	fc	10	12	2
fds	C	fds	11	12	2
features	C	feature	11219	11232	4
fed	P	feed	1127	1127	1
feeding	M	feed	4	5	2
fields	C	field	3419	3437	4
fifths	C	fifth	1	1	6
figures	C	figure	1061	1065	4
filled	M	fill	14	14	1
filled	P	fill	73	73	1
filling	M	fill	2	2	8
filtered	C	filter	8	12	1
filtered	M	filter	84	92	2
filtered	P	filter	173	173	2
filtering	M	filter	18	22	1
filtering	P	filter	154	154	1
filters	C	filter	209	210	2
finalized	M	finalize	57	65	2
finding	P	find	709	709	1
findings	C	finding	14549	14561	1
fined	C	fined	1	1	1
finetuned	C	finetuned	40	46	1
finetuned	M	finetune	89	133	12
finetuned	P	finetune	162	162	4
finetuning	M	finetune	22	28	4
fingerprints	C	fingerprint	232	251	2
fitted	M	fit	23	23	1
fitted	P	fit	98	98	2
fitting	C	fitting	64	67	2
fitting	M	fit	26	48	4
flagged	M	flag	38	39	7
flagged	P	flag	217	217	1
flagging	M	flag	5	5	1
flattening	M	flatten	5	5	1
flows	C	flow	90	90	2
fms	C	fms	112	169	1
focused	M	focus	258	389	1
focussed	P	focusse	11	11	1
followed	M	follow	1	2	2
followers	C	follower	10	10	1
following	C	follow	654	774	6
following	M	following	1899	3380	90
following	P	follow	1330	1330	1
following	T	follow	1150	1150	1
forcing	P	force	64	64	1
formatted	C	format	9	9	2
formatted	M	format	79	79	33
formatted	P	format	162	162	1
formatting	P	format	49	49	1
formed	M	form	16	16	1
forming	M	form	8	8	6
formulated	C	formulate	2	2	6
formulated	M	formulate	39	39	28
formulations	C	formulation	191	192	1
forums	C	forum	118	118	1
fps	C	fp	84	97	15
fractures	C	fracture	322	326	1
framed	C	frame	3	3	2
framed	M	frame	19	19	2
framed	P	frame	190	190	1
frames	C	frame	250	250	1
framing	P	frame	94	94	1
freezing	M	freeze	3	3	2
friendlier	M	friendly	1	1	2
fueled	M	fuel	1	1	1
fulfilling	M	fulfilling	1	1	3
functioning	M	function	12	12	5
functions	C	function	1393	1394	3
funded	M	fund	21	22	1
fused	M	fuse	133	134	2
gained	M	gain	2	2	1
gated	C	gated	44	45	2
gated	M	gate	162	191	18
gated	P	gate	2	2	2
gathered	M	gather	13	13	1
gating	C	gating	94	96	1
gems	C	gems	19	26	1
generalized	M	generalized	371	455	1
generalized	P	generalize	142	142	1
generated	C	generate	286	299	121
generated	M	generate	11275	11283	2098
generated	P	generate	14372	14373	113
generating	C	generate	187	207	7
generating	M	generate	43	46	97
generating	P	generate	7849	7849	17
generations	C	generation	489	496	1
generators	C	generator	304	309	1
genes	C	gene	1009	1032	3
genomes	C	genome	217	223	1
genres	C	genre	78	78	1
gestures	C	gesture	66	66	1
giants	C	giant	22	22	1
givers	C	giver	2	2	1
glasses	C	glass	21	23	1
gnns	C	gnn	199	314	1
goals	C	goal	716	720	31
going	M	go	2	2	2
going	P	go	239	239	2
governed	M	govern	20	23	9
governed	P	govern	87	87	2
governing	M	govern	17	19	1
gpts	C	gpts	264	400	2
grabbing	M	grab	3	3	1
grabbing	P	grab	4	4	1
graded	M	grade	57	63	4
graded	P	grade	316	316	2
graders	C	grader	280	280	4
grading	C	grading	840	859	1
grading	P	grade	126	126	1
grains	C	grain	15	15	1
grams	C	gram	101	101	5
graphs	C	graph	1173	1209	2
grounded	C	grounded	48	91	7
grounded	M	ground	272	415	153
grounded	P	ground	653	653	11
grouped	P	group	226	226	1
groups	C	group	3333	3350	8
growing	C	grow	5	9	1
growing	M	grow	2142	2142	124
grus	C	grus	22	27	2
guards	C	guard	9	9	1
guesses	C	guess	40	40	1
guided	C	guide	11	16	3
guided	M	guide	450	460	58
guided	P	guide	792	792	2
guiding	M	guide	86	86	3
hallucinated	C	hallucinate	31	60	1
hallucinated	M	hallucinate	275	341	2
hallucinations	C	hallucination	3794	3802	4
handing	P	hand	4	4	1
handling	M	handle	2	2	1
hardened	M	harden	2	2	1
harming	M	harm	1	1	2
harming	P	harm	20	20	1
has	C	have	73	130	2
headers	C	header	37	37	1
headings	C	heading	85	115	2
heads	C	head	896	900	6
healing	M	heal	3	3	1
hearing	M	hearing	2	2	1
helices	C	helix	10	10	1
heos	C	heo	1	1	1
heuristics	C	heuristic	244	244	1
highest	C	high	635	652	1
highest	M	high	8045	8226	29
highlighting	P	highlight	3221	3221	1
hindering	P	hinder	110	110	1
hints	C	hint	149	150	1
hosted	C	host	7	8	4
hosted	M	host	190	190	74
hosted	P	host	173	173	11
hosting	M	host	4	4	2
hosting	P	host	42	42	8
hotspots	C	hotspot	47	47	1
hours	C	hour	341	341	3
humanized	M	humanized	26	35	1
humanized	P	humanize	2	2	1
humans	C	human	4868	4902	2
identified	C	identify	16	16	3
identified	M	identify	489	489	40
identified	P	identify	5039	5039	40
identifiers	C	identifier	323	327	2
identifies	P	identify	555	555	3
identifying	C	identify	60	60	1
identifying	M	identify	41	46	12
identifying	P	identify	4102	4102	22
ids	C	id	201	232	14
ifs	C	ifs	3	3	1
images	C	image	6622	6633	1
imaging	M	image	53	88	1
imagining	P	imagine	8	8	1
immersed	M	immerse	1	2	1
impacting	M	impacting	2	2	2
impacting	P	impact	180	180	2
impaired	C	impaired	24	25	1
impending	M	impending	14	14	1
implemented	M	implement	77	77	8
implemented	P	implement	2340	2340	15
implements	P	implement	156	156	1
implied	C	imply	7	7	2
improved	P	improve	3584	3584	1
improving	M	improve	43	43	21
improving	P	improve	4886	4886	1
imputed	M	imputed	6	10	1
included	C	include	23	23	1
included	M	include	692	694	10
included	P	include	5900	5900	3
including	C	include	15647	15647	6
incorporating	M	incorporate	5	5	1
increasing	M	increase	1500	1500	18
incremented	M	incremente	1	1	1
indexed	M	index	53	53	13
indexed	P	index	77	77	2
indexing	P	index	13	13	1
indicated	M	indicate	13	14	2
indicates	C	indicate	10	11	1
individuals	C	individual	2124	2125	1
induced	M	induce	74	74	12
inducing	M	induce	9	9	12
infected	C	infected	2	2	1
infected	M	infected	12	22	1
infecting	M	infect	1	1	1
infections	C	infection	186	187	1
inferred	M	infer	118	118	2
inferred	P	infer	274	274	1
inferring	M	infer	2	2	1
infiltrating	C	infiltrate	1	1	1
inflated	M	inflated	38	45	1
influenced	C	influence	3	6	1
influenced	M	influence	9	10	5
influences	C	influence	106	106	1
informants	C	informant	2	2	1
informaticists	C	informaticist	9	9	1
informed	M	informed	929	1065	2
informed	P	inform	473	473	1
informing	C	informing	7	11	1
infused	M	infuse	1	1	5
ing	P	e	2	2	1
ingests	P	ingest	14	14	2
inhibitors	C	inhibitor	111	113	2
initialized	M	initialize	79	79	1
initialized	P	initialize	340	340	2
initiated	M	initiate	14	14	22
initiations	C	initiation	1	1	1
injected	M	inject	32	32	5
inputs	C	input	3699	3703	3
inputted	M	inputte	36	36	4
inputted	P	inputte	354	354	2
inputting	P	inputte	283	283	1
ins	C	ins	4	5	46
insights	C	insight	4608	4620	25
inspirations	C	inspiration	4	4	3
inspired	M	inspire	65	65	3
installed	M	instal	12	12	1
installed	P	instal	38	38	1
instructed	M	instruct	17	17	7
instructed	P	instruct	1116	1116	2
instructions	C	instruction	3648	3675	2
integrated	C	integrated	95	115	5
integrated	M	integrate	1049	1154	117
integrated	P	integrate	2901	2902	9
integrating	C	integrate	80	82	1
intended	M	intended	264	476	2
intentions	C	intention	409	410	2
interacting	C	interact	19	19	1
interacting	M	interact	73	73	7
interacting	P	interact	547	547	1
interactions	C	interaction	4807	4818	3
interests	C	interest	175	176	1
interfering	M	interfere	3	3	2
interleukins	C	interleukin	1	1	1
interplays	C	interplay	2	2	1
interpreted	M	interpret	13	13	4
interpreted	P	interpret	1216	1216	7
interpreting	P	interpret	1622	1622	1
interprets	P	interpret	168	168	3
intervals	C	interval	636	636	1
interventions	C	intervention	1526	1534	2
introduced	M	introduce	126	126	1
introduced	P	introduce	4061	4061	1
introducing	P	introduce	980	980	1
invading	M	invade	1	1	1
inventors	C	inventor	3	3	1
inverted	M	inverted	29	33	1
investigated	P	investigate	2299	2299	4
investigators	C	investigator	249	249	2
invoked	M	invoke	3	3	1
invoked	P	invoke	91	91	1
involved	C	involved	30	53	1
involved	M	involve	58	74	1
involving	M	involve	10	11	1
isolated	C	isolated	10	15	1
isolated	M	isolate	253	327	1
isomers	C	isomer	3	3	1
issued	M	issue	4	4	1
issues	C	issue	3934	3940	3
items	C	item	2868	2899	2
iterated	P	iterate	30	30	2
jobs	C	job	105	106	1
journals	C	journal	621	625	1
judged	C	judge	2	2	1
judged	M	judge	8	8	3
judgements	C	judgement	160	160	1
justified	P	justify	133	133	1
keys	C	key	118	118	1
labeled	C	label	7	8	3
labeled	M	label	1036	1037	91
labeled	P	label	628	628	3
labelers	C	labeler	14	14	1
labeling	M	labeling	2	2	1
labeling	P	label	90	91	2
labelled	M	label	170	170	19
labelled	P	label	116	116	1
labels	C	label	2373	2378	19
labs	C	lab	91	144	1
larger	M	large	3516	3517	5
largest	M	large	956	956	3
lasting	M	last	12	19	1
layers	C	layer	3470	3473	24
leaking	M	leak	1	1	1
leaning	M	leaning	2	2	18
learned	M	learn	534	543	10
learned	P	learn	1023	1023	1
learners	C	learner	1290	1292	1
learning	C	learning	25172	25406	3
learning	M	learning	343	522	72
learning	P	learn	1333	1334	2
led	M	lead	12	13	15
led	P	lead	1634	1634	3
les	C	les	7	7	1
levels	C	level	4990	5011	4
leveraging	C	leverage	54	61	1
liked	M	like	1	1	2
liked	P	like	15	15	1
likelihoods	C	likelihood	41	41	8
limitations	C	limitation	11233	11234	2
limited	M	limited	4610	4752	1
limited	P	limit	2063	2068	1
limiting	M	limit	46	48	3
limiting	P	limit	804	804	1
linked	M	link	53	54	3
linked	P	link	472	472	2
linking	M	link	34	35	1
links	C	link	394	394	1
listing	P	list	95	95	1
lists	C	list	661	661	1
lives	C	life	198	201	1
llms	C	llms	118654	165071	20
lms	C	lms	312	517	1
loading	P	load	50	50	1
localized	P	localize	25	25	2
locating	P	locate	40	40	1
locations	C	location	294	294	1
loggers	C	logger	1	1	1
longest	M	long	168	168	1
lowered	M	lower	2	2	1
lowering	C	lower	2	4	3
lowering	M	lower	2	2	35
lowest	M	low	2155	2204	5
lstms	C	lstms	117	163	4
maintained	M	maintain	11	11	1
maintained	P	maintain	911	911	2
maintaining	C	maintain	23	23	1
makers	C	maker	67	68	88
making	C	making	601	667	3
making	M	make	9	12	4
making	P	make	4719	4719	1
managed	M	manage	25	25	6
managing	M	manage	2	2	1
managing	P	manage	782	782	1
mandated	M	mandate	12	12	6
manipulated	M	manipulate	24	25	1
mapped	M	map	20	20	9
mapped	P	map	346	346	2
mapping	C	mapping	933	949	1
mapping	M	map	10	14	1
mapping	P	map	295	295	2
maps	C	map	459	477	2
marginals	C	marginal	4	4	2
marked	C	marked	8	9	1
marked	M	marked	333	354	1
marked	P	mark	511	511	2
marketed	M	market	10	10	1
marks	C	mark	170	173	3
masked	M	mask	1530	1979	3
masked	P	mask	220	220	1
masks	C	mask	114	114	2
matched	M	match	190	192	10
matchers	C	matcher	6	6	1
matches	C	match	204	204	1
matching	C	matching	980	1003	2
matching	M	match	141	166	9
matching	P	match	458	458	2
materials	C	material	3204	3427	2
matrices	C	matrix	600	603	1
maximizing	M	maximize	1	1	5
mcqs	C	mcq	1043	1323	3
mcs	C	mcs	9	9	1
means	C	mean	536	786	5
measured	M	measure	143	159	4
measured	P	measure	982	982	1
measures	C	measure	1798	1804	1
measuring	M	measure	5	7	1
mechanisms	C	mechanism	3853	3859	1
mediated	C	mediate	3	3	2
mediated	M	mediate	230	230	36
mediated	P	mediate	72	72	1
members	C	member	449	450	4
men	C	man	230	235	2
mentioned	C	mention	17	18	1
mentioned	P	mention	1479	1479	3
mentions	C	mention	284	284	1
mers	C	mer	155	160	1
messages	C	message	1298	1302	1
metals	C	metal	13	13	1
methods	C	method	12368	12577	14
methods	M	methods	2	2	9
migrated	M	migrate	1	1	1
mimicking	M	mimic	4	4	1
mined	M	mine	13	13	1
minimized	M	minimize	7	7	1
mining	C	mining	944	956	1
mirroring	C	mirroring	10	14	1
misaligned	M	misaligned	41	43	1
missed	M	miss	207	211	1
misses	C	miss	21	21	6
mitigated	M	mitigate	4	4	1
mitigating	M	mitigate	14	15	4
mixed	C	mixed	186	196	2
mixed	M	mixed	507	790	20
mixed	P	mix	61	61	1
mixing	M	mix	3	3	3
mlps	C	mlp	27	30	1
moas	C	moa	7	7	1
modalities	C	modality	1370	1370	1
modeling	M	model	23	36	4
modelling	M	model	5	8	1
models	C	model	119281	123558	25
moderated	M	moderate	13	15	2
modes	C	mode	609	611	3
modified	M	modify	507	559	2
modifying	M	modify	1	1	10
modulated	M	modulate	3	4	2
modules	C	module	1327	1330	3
molecules	C	molecule	1134	1134	1
monitored	M	monitor	10	10	1
monitoring	M	monitor	10	13	11
monitoring	P	monitor	172	172	1
morbidities	C	morbidity	5	5	5
motifs	C	motif	207	207	2
movements	C	movement	114	114	3
moving	M	move	38	42	4
ms	C	ms	249	407	1
multipliers	C	multiplier	9	9	1
multispecies	C	multispecie	9	18	2
musicians	C	musician	3	3	3
mutated	M	mutate	24	28	1
named	M	name	729	755	1
narratives	C	narrative	1397	1400	5
nearest	M	near	89	100	1
negating	M	negate	2	2	1
negatives	C	negative	380	384	5
negotiated	P	negotiate	8	8	1
neighborhoods	C	neighborhood	23	23	1
neighbors	C	neighbor	102	117	11
networks	C	network	3833	4272	9
neurologists	C	neurologist	187	188	2
neutralizing	M	neutralize	1	1	1
nodes	C	node	518	522	3
noising	M	noise	1	1	1
normalized	C	normalize	9	17	1
normalized	M	normalize	174	217	1
normalized	P	normalize	104	104	5
normalizing	P	normalize	48	48	1
notes	C	note	4422	4467	5
npcs	C	npc	10	10	3
nps	C	np	21	28	3
nucleotides	C	nucleotide	130	130	1
objectives	C	objective	1194	1195	1
observed	P	observe	7213	7213	1
obtained	M	obtain	139	139	1
obtained	P	obtain	3633	3633	1
occurred	P	occur	530	531	9
occurrences	C	occurrence	124	124	32
occurring	C	occur	10	11	1
occurring	M	occur	53	54	16
occurring	P	occur	134	134	3
occurs	C	occur	3	3	1
occurs	P	occur	226	226	2
odds	C	odd	372	374	18
offers	C	offer	47	49	1
offs	C	off	1	1	210
omics	C	omic	148	196	7
oncologists	C	oncologist	231	233	10
ons	C	ons	5	5	14
ontologies	C	ontology	320	325	3
opened	M	open	7	7	1
opening	P	open	149	149	1
openings	C	opening	19	19	1
operating	M	operate	51	81	7
operators	C	operator	237	237	1
ophthalmologists	C	ophthalmologist	499	521	17
opted	P	opt	211	211	3
optimised	C	optimise	2	3	1
optimised	M	optimise	38	40	17
optimised	P	optimise	78	78	1
optimizations	C	optimization	142	143	1
optimized	C	optimized	124	181	6
optimized	M	optimize	1076	1204	114
optimized	P	optimize	1381	1381	4
optimizers	C	optimizer	44	44	3
optimizing	M	optimize	8	8	7
optimizing	P	optimize	978	978	2
orchestrated	M	orchestrate	14	15	6
ordered	P	order	70	70	3
organizes	P	organize	37	37	1
organizing	M	organize	10	12	9
organizing	P	organize	191	191	1
organs	C	organ	53	53	1
oriented	C	orient	11	16	1
oriented	M	orient	146	148	10
oriented	P	orient	48	48	1
originated	C	originated	1	1	1
originating	M	originate	4	4	3
osces	C	osces	33	46	1
outputs	C	output	12092	12093	1
overlapping	C	overlapping	14	20	1
overlapping	M	overlap	292	329	6
overlooked	C	overlook	5	8	1
overlooked	M	overlook	27	37	4
owned	M	own	4	4	1
paced	M	pace	2	3	2
padded	P	pad	33	33	3
pags	C	pag	2	3	3
paired	C	pair	3	5	1
pairs	C	pair	1891	1894	20
parallelised	M	parallelised	2	2	1
parameterized	P	parameterize	29	29	3
parameters	C	parameter	7471	7473	74
parametrized	M	parametrize	2	2	1
paraphrased	M	paraphrase	41	49	1
paraphrases	C	paraphrase	37	37	1
parsed	M	parse	34	34	1
parsed	P	parse	142	142	2
participants	C	participant	6953	6967	5
particles	C	particle	47	47	2
parties	C	party	109	109	1
partitioned	M	partition	5	5	1
parts	C	part	870	870	2
passed	P	pass	1131	1131	1
passing	C	passing	233	288	2
passing	M	pass	628	823	29
passing	P	pass	472	472	2
pasted	P	paste	98	98	5
pasting	P	paste	25	25	7
pathways	C	pathway	894	997	4
patients	C	patient	13543	13571	3
patterned	M	pattern	10	18	1
patterns	C	pattern	7112	7118	4
paying	M	pay	11	12	2
pcs	C	pc	32	58	2
penalized	M	penalize	9	17	1
penalized	P	penalize	23	23	1
pending	M	pende	14	16	2
penetrating	M	penetrate	3	3	2
peptides	C	peptide	319	320	3
perceived	M	perceive	1925	1978	36
perceived	P	perceive	740	740	1
perceptions	C	perception	1310	1312	3
performed	M	perform	37	37	11
performed	P	perform	8703	8703	24
performers	C	performer	116	116	1
performing	C	perform	27	38	3
performing	M	perform	427	427	1711
performing	P	perform	1567	1567	24
performs	C	perform	20	20	1
performs	P	perform	1901	1901	3
periods	C	period	271	271	1
perpetuating	M	perpetuate	2	2	1
persons	C	person	101	103	1
pertaining	M	pertain	3	4	1
phenotypes	C	phenotype	343	344	1
phosphopeptides	C	phosphopeptide	1	1	1
phrased	C	phrase	4	4	1
phrased	M	phrase	7	7	3
phrased	P	phrase	51	51	5
phrases	C	phrase	694	695	5
phrasing	P	phrase	7	7	1
physicians	C	physician	4424	4463	6
physics	C	physics	229	296	1
picked	P	pick	60	60	1
pieces	C	piece	240	240	6
pilots	C	pilot	17	17	21
pinned	M	pin	4	4	5
planning	M	plan	5	6	1
platforms	C	platform	2846	2892	2
played	P	play	193	193	3
players	C	player	77	78	1
playing	M	play	2	2	11
playing	P	play	120	120	10
plays	C	play	1	1	2
pleasing	M	pleasing	1	1	2
plots	C	plot	545	545	1
points	C	point	2865	2869	7
pooled	C	pool	4	5	4
pooled	M	pool	313	325	1
pooled	P	pool	60	60	3
pooling	P	pool	26	26	3
populated	C	populated	1	1	1
populating	P	populate	13	13	4
populations	C	population	1119	1124	2
posed	P	pose	1017	1017	1
posing	M	pose	1	1	1
positioned	P	position	353	353	1
positives	C	positive	657	659	10
positives	M	positive	1	1	1
powered	C	powered	9	17	6
powered	M	power	1025	1027	384
powered	P	power	1094	1094	13
ppis	C	ppi	43	50	2
practices	C	practice	1794	1801	2
preceding	M	precede	381	388	1
precursors	C	precursor	51	53	1
predefined	M	predefine	1219	1297	1
predicted	M	predict	1169	1170	28
predicted	P	predict	1145	1145	7
predicting	C	predict	31	36	5
predicting	M	predict	13	13	22
predicting	P	predict	3029	3029	17
predictions	C	prediction	4511	4513	2
predictors	C	predictor	587	588	1
predicts	P	predict	620	620	1
preferences	C	preference	1111	1112	1
preferred	M	prefer	242	305	20
premises	C	premise	54	54	24
prepared	M	prepare	46	49	5
preprocessed	M	preprocesse	115	142	1
prescribed	M	prescribe	60	70	6
prescribing	M	prescribe	17	21	2
prescribing	P	prescribe	32	32	1
presentations	C	presentation	426	426	14
presented	C	present	4	4	1
presented	M	present	191	191	2
presented	P	present	4721	4721	3
presenting	M	present	42	42	1
preserving	C	preserve	7	7	13
preserving	M	preserve	5	5	296
preserving	P	preserve	641	641	37
pretrained	M	pretrained	4228	5557	7
pretrained	P	pretraine	1672	1672	2
pretraining	C	pretraining	1324	1670	1
pretraining	P	pretraine	440	440	3
primed	C	primed	3	3	1
primed	M	prime	8	15	4
primed	P	prime	42	42	1
principles	C	principle	1357	1377	7
prints	C	print	3	3	5
prioritised	M	prioritise	3	3	1
prioritized	M	prioritize	47	48	4
prioritized	P	prioritize	221	221	1
prioritizing	P	prioritize	262	262	1
probabilities	C	probability	811	811	16
problems	C	problem	2459	2464	1
processed	C	process	35	38	1
processed	M	process	139	139	15
processed	P	process	1472	1472	40
processes	C	process	3271	3273	2
processes	P	process	661	663	4
processing	C	processing	10868	10967	3
processing	M	process	37	68	24
processing	P	process	2175	2175	13
processors	C	processor	42	44	1
produced	C	produce	20	20	2
produced	M	produce	137	137	35
produced	P	produce	4617	4618	3
produces	C	produce	13	13	1
producing	M	produce	7	7	5
producing	P	produce	1668	1668	1
products	C	product	575	586	3
professionals	C	professional	3499	3500	15
profits	C	profit	5	5	1
programmed	C	programmed	7	8	1
programmed	M	program	23	24	2
programmed	P	program	130	130	3
programmers	C	programmer	89	89	4
promising	P	promise	70	94	1
promoters	C	promoter	112	112	4
promoting	C	promote	10	19	1
prompted	C	prompt	24	28	4
prompted	M	prompt	174	183	45
prompted	P	prompt	2551	2551	13
prompting	C	prompting	5051	5283	1
prompting	M	prompt	201	237	12
prompting	P	prompt	924	924	10
prompts	C	prompt	11157	11197	19
prompts	P	prompt	129	129	2
proofing	P	proof	2	2	1
propagated	P	propagate	34	34	5
propagates	P	propagate	14	14	1
propagating	M	propagate	1	1	1
propagating	P	propagate	42	42	6
proportions	C	proportion	378	378	1
proposals	C	proposal	219	219	1
proposed	M	propose	4952	5137	2
proteins	C	protein	1316	1321	3
provided	C	provide	36	36	1
provided	M	provide	796	796	50
provided	P	provide	13644	13644	1
providing	M	provide	8	8	1
providing	P	provide	8609	8609	1
provisioned	P	provision	2	2	1
publicized	M	publicize	10	10	1
published	M	publish	1282	1289	1
purified	M	purified	9	13	4
purposed	P	purpose	1	1	2
pushes	P	push	14	14	1
pvps	C	pvp	2	2	1
quantified	M	quantify	15	20	1
quantised	M	quantise	11	12	1
quarters	C	quarter	11	11	17
queried	M	query	35	35	1
queried	P	query	594	594	1
queries	C	query	5287	5288	8
querying	C	querying	167	183	1
querying	M	query	29	32	1
querying	P	query	303	304	4
questioning	P	question	53	53	1
questionnaires	C	questionnaire	364	365	2
questions	C	question	31134	31156	23
quotes	C	quote	136	136	1
radiologists	C	radiologist	1576	1600	3
rads	C	rads	63	75	29
railed	P	rail	1	1	1
rails	C	rail	4	5	1
raises	C	raise	5	5	1
raising	M	raise	1	1	3
raising	P	raise	537	537	1
randomized	C	randomized	18	20	1
randomized	M	randomized	533	634	2
randomized	P	randomize	94	94	2
ranging	C	range	483	485	1
ranging	M	range	3	3	6
ranked	C	rank	4	4	1
ranked	M	rank	153	153	43
ranked	P	rank	722	722	13
rankers	C	ranker	8	8	2
ranking	C	ranking	789	813	1
ranking	M	rank	20	28	18
ranking	P	rank	236	236	5
rankings	C	ranking	278	279	1
ranks	C	rank	189	190	1
ranks	P	rank	117	117	4
rated	M	rate	98	98	54
rated	P	rate	2239	2239	8
raters	C	rater	1280	1300	3
rates	C	rate	3930	3931	2
rates	P	rate	20	20	1
rating	M	rate	5	8	3
ratings	C	rating	3495	3495	8
rays	C	ray	147	153	1
rcts	C	rct	201	221	1
reaching	C	reach	11	14	1
reaching	M	reach	3	3	6
reaching	P	reach	811	811	1
reactants	C	reactant	58	58	1
reactions	C	reaction	504	504	1
reading	C	reading	2296	2322	1
reading	M	reading	5	7	1
reads	P	read	86	86	1
reasoned	C	reasoned	5	7	2
reasoned	M	reasoned	22	28	1
reasoning	C	reasoning	17042	17205	2
reasoning	M	reason	156	207	10
reasoning	P	reason	219	221	2
receptors	C	receptor	27	27	1
recognised	M	recognise	16	17	2
recognized	C	recognize	16	17	2
recognized	M	recognize	246	248	18
recognized	P	recognize	750	750	6
recognizing	P	recognize	753	753	1
recommendations	C	recommendation	7302	7325	1
recommended	C	recommend	23	27	2
recommended	M	recommend	640	647	29
recommended	P	recommend	1411	1411	4
recommending	P	recommend	441	441	3
reconstructed	P	reconstruct	33	33	1
recorded	M	record	88	90	2
recorded	P	record	1181	1181	3
recordings	C	recording	175	175	1
recovered	M	recover	7	7	1
redacted	M	redact	10	12	1
redesigned	M	redesign	4	4	1
reduced	C	reduce	12	23	1
reduced	M	reduce	936	1089	9
reduced	P	reduce	994	994	1
reducing	M	reduce	5	5	5
reductases	C	reductase	1	1	1
referenced	C	reference	2	3	2
referenced	M	reference	56	56	17
referenced	P	reference	218	218	29
references	C	reference	2608	2612	8
references	P	reference	30	30	5
referencing	C	referencing	61	75	5
referencing	M	reference	5	5	8
referencing	P	reference	142	142	37
referents	C	referent	14	14	1
referred	M	refer	5	5	2
referring	M	refer	31	31	1
referring	P	refer	197	197	1
refined	M	refined	314	421	3
refined	P	refine	554	554	1
reformatted	M	reformatte	2	3	1
reframed	M	reframe	3	3	2
regarded	M	regard	4	6	4
regarding	M	regard	8	8	2
registered	C	registered	29	29	1
registered	P	register	83	83	6
registering	P	register	25	25	1
regressions	C	regression	61	61	2
regularised	M	regularised	1	1	1
regularized	M	regularize	23	30	3
regulated	M	regulated	66	90	1
regulating	M	regulate	3	3	2
regulating	P	regulate	59	59	1
reinforced	M	reinforce	18	20	3
reinforcing	M	reinforce	9	10	12
reinforcing	P	reinforce	512	512	1
related	C	related	231	281	1
related	M	relate	1553	2931	37
related	P	relate	4795	4800	1
relations	C	relation	640	642	2
relationships	C	relationship	3403	3403	1
released	M	release	261	261	1
relied	P	rely	826	826	4
relies	P	rely	1017	1017	2
relying	P	rely	1387	1387	12
remains	C	remain	27	27	2
reminders	C	reminder	135	135	1
removed	M	remove	9	9	1
rephrased	C	rephrase	24	28	1
rephrased	M	rephrase	72	73	2
rephrased	P	rephrase	58	58	2
reported	C	report	51	51	4
reported	M	report	793	869	224
reported	P	report	7422	7422	18
reporters	C	reporter	9	9	1
reporting	M	report	33	48	3
reporting	P	report	737	737	3
reports	C	report	7736	7766	47
representations	C	representation	7713	10729	1
represented	M	represent	32	38	1
represented	P	represent	1368	1369	13
representing	M	represent	2	2	2
representing	P	represent	1283	1283	4
represents	P	represent	2981	2981	3
reproducing	M	reproduce	2	2	1
repurposing	M	repurpose	15	20	2
requested	M	request	134	134	2
requiring	M	require	4	4	1
requiring	P	require	2728	2728	1
researched	C	research	2	2	2
researched	M	research	16	16	4
researched	P	research	61	61	8
researchers	C	researcher	6008	6015	4
resembling	M	resemble	2	2	2
resolved	M	resolve	21	23	10
resolves	P	resolve	43	43	1
resourced	C	resource	1	1	1
resourced	M	resource	2	2	31
resourced	P	resource	1	1	2
resources	C	resource	3954	3981	1
respecting	P	respect	37	37	1
responders	C	responder	33	35	1
responses	C	response	32884	32896	23
results	C	result	26038	26072	1
retained	C	retain	2	2	3
retained	M	retain	36	36	1
retaining	M	retain	1	1	1
retest	M	ret	28	52	4
retries	C	retrie	14	14	1
retrieved	M	retrieve	820	820	7
retrieving	M	retrieve	1	1	1
revealing	M	reveal	2	4	2
reversed	C	reverse	4	4	1
reviewed	M	review	197	197	13
reviewed	P	review	1388	1388	9
reviewers	C	reviewer	1733	1739	2
reviews	C	review	2568	2611	3
revised	C	revised	26	36	1
revised	M	revise	221	271	9
rewriting	M	rewrite	1	1	1
risks	C	risk	3691	3693	7
rnns	C	rnn	281	379	2
rocs	C	roc	8	9	1
rodents	C	rodent	5	5	1
roles	C	role	1031	1033	1
routed	M	route	2	2	1
rows	C	row	167	167	1
ruled	P	rule	56	56	1
rules	C	rule	1448	1454	1
runners	C	runner	5	5	1
running	M	run	21	21	2
running	P	run	470	470	14
runs	C	run	995	997	1
sampled	C	sample	4	4	1
sampled	M	sample	170	170	4
sampled	P	sample	212	212	6
samples	C	sample	2069	2074	12
sampling	C	sampling	797	809	1
sampling	M	sample	6	6	3
sampling	P	sample	75	75	3
sanctioned	M	sanction	4	4	1
satisfying	M	satisfying	21	24	1
saving	C	saving	23	29	1
saving	M	save	6	7	17
saving	P	save	149	149	2
savings	C	saving	227	227	9
scaled	M	scale	53	58	4
scaled	P	scale	110	110	1
scales	C	scale	739	744	4
scaling	M	scale	86	96	3
scaling	P	scale	234	234	2
scattering	M	scatter	3	3	1
scientists	C	scientist	531	533	4
scoped	C	scope	5	5	1
scoped	M	scope	8	9	1
scoped	P	scope	13	13	2
scored	M	score	25	25	12
scored	P	score	2685	2685	8
scores	C	score	15456	15476	14
scores	P	score	182	182	1
scoring	C	scoring	2401	2472	1
scoring	M	score	66	91	71
scoring	P	score	734	735	6
scraped	M	scrape	22	22	11
scraped	P	scrape	40	40	1
screened	M	screen	19	19	2
screened	P	screen	189	189	1
screening	M	screen	31	40	2
screening	P	screen	180	180	2
screens	P	screen	13	13	1
scripted	P	script	5	5	1
searched	M	search	46	46	3
searched	P	search	200	200	1
searches	C	search	621	621	1
searching	P	search	237	237	1
sections	C	section	1311	1314	6
seekers	C	seeker	21	21	11
seeking	C	seeking	93	108	1
seeking	M	seek	10	10	15
seeming	M	seem	6	11	1
segmented	M	segment	40	78	3
segmented	P	segment	107	107	3
selected	C	select	28	28	2
selected	M	select	1712	1719	14
selected	P	select	4083	4083	3
selecting	C	select	7	8	1
selecting	P	select	831	831	1
selections	C	selection	87	87	1
selects	P	select	239	239	1
selfies	C	selfie	68	90	1
sensing	M	sense	46	63	4
sentences	C	sentence	2893	2897	7
sentiments	C	sentiment	359	359	2
separated	M	separate	19	19	9
separated	P	separate	147	147	1
sequenced	M	sequence	15	15	1
sequences	C	sequence	6699	6699	12
serialized	M	serialize	31	31	2
series	C	series	2703	2990	2
served	M	serve	5	5	1
services	C	service	1502	1583	1
serving	M	serve	6	7	4
sessions	C	session	864	865	5
sets	C	set	2664	2667	5
setting	M	setting	2	3	14
settings	C	setting	7584	7588	2
shaped	M	shaped	42	52	1
shaping	M	shape	2	2	1
sharing	M	share	4	5	1
sheets	C	sheet	96	129	1
shifted	M	shift	43	44	3
shifting	M	shift	32	32	10
shifting	P	shift	142	142	2
shoes	C	shoe	3	3	1
shots	C	shot	85	85	7
showcased	P	showcase	219	219	1
shows	C	show	19	19	3
shrinking	M	shrink	1	1	1
shuffled	C	shuffle	2	2	1
shuffled	M	shuffle	30	31	1
signals	C	signal	1299	1301	8
signed	P	sign	25	25	2
siloed	C	siloed	2	2	1
similarities	C	similarity	537	537	1
simplified	C	simplified	80	91	1
simplified	M	simplified	607	675	1
simplified	P	simplify	109	109	2
simplifying	M	simplify	3	3	1
simplifying	P	simplify	376	376	1
simulated	C	simulated	24	39	1
simulated	M	simulate	1252	1403	19
sites	C	site	711	716	3
skewed	P	skew	56	56	1
skills	C	skill	2477	2500	2
sliced	M	slice	5	6	1
slices	C	slice	76	77	1
sloping	M	slope	1	1	4
smallest	M	small	260	260	2
smiles	C	smile	869	1343	8
smokers	C	smoker	38	38	11
smoking	C	smoking	258	262	1
smoothing	M	smooth	19	20	1
sms	C	sms	63	63	1
solvers	C	solver	63	63	2
solving	C	solving	159	178	3
solving	M	solve	3	3	31
sourced	C	source	2	2	4
sourced	M	source	30	30	74
sourced	P	source	341	341	21
sources	P	source	3	3	1
sourcing	P	source	24	24	4
spaces	C	space	376	379	2
spanning	M	span	4	4	5
spanning	P	span	564	564	2
spans	C	span	137	137	1
sparing	M	sparing	1	1	5
sparing	P	spare	8	8	1
sparked	P	spark	254	254	1
speakers	C	speaker	295	296	1
speaking	C	speaking	59	76	2
speaking	M	speak	60	62	232
speaking	P	speak	87	87	3
specialists	C	specialist	1074	1077	51
specialities	C	speciality	37	37	4
specialized	C	specialized	195	201	1
specialized	M	specialized	5081	5187	2
specialized	P	specialize	253	255	2
specialties	C	specialty	1056	1058	13
specifications	C	specification	276	279	1
specified	M	specify	301	347	6
specified	P	specify	415	415	9
specifying	P	specify	246	246	1
spectrograms	C	spectrogram	31	31	3
spelled	M	spell	1	1	1
splicing	M	splice	7	8	1
splitting	M	split	2	3	2
spots	C	spot	96	97	1
spreaders	C	spreader	6	6	1
sps	C	sp	40	61	1
squared	C	square	44	68	1
squared	M	square	132	138	1
squared	P	square	64	64	5
srs	C	sr	107	134	1
ssps	C	ssp	3	3	1
stabilized	C	stabilize	2	3	1
stages	C	stage	1636	1638	2
stamps	C	stamp	6	6	1
standardized	M	standardized	3367	3705	4
standards	C	standard	1913	1952	3
standing	M	stand	4	7	47
starting	M	start	114	165	1
starting	P	start	320	320	1
stated	M	state	114	117	1
stated	P	state	959	959	1
statements	C	statement	1439	1450	4
stating	P	state	263	263	1
statisticians	C	statistician	12	12	1
steering	M	steering	1	1	1
stepped	P	step	1	1	1
stepping	M	step	4	6	1
steps	C	step	2529	2544	7
stimulating	M	stimulate	6	11	4
stis	C	sti	8	9	3
stocks	C	stock	21	21	1
stopping	M	stop	2	2	1
stored	M	store	54	54	5
strategies	C	strategy	6104	6114	6
stratified	C	stratify	7	12	1
stratified	M	stratified	122	190	29
stratified	P	stratify	244	244	2
stratifying	P	stratify	40	40	2
streaming	P	stream	3	3	1
strings	C	string	594	594	1
structured	C	structured	312	372	2
structured	M	structured	8042	9846	8
structured	P	structure	382	382	1
structures	C	structure	2591	2594	3
structuring	M	structure	3	3	2
students	C	student	12440	12464	6
studied	M	study	125	137	15
studied	P	study	801	801	6
studies	C	study	23253	23300	8
studying	M	study	1	1	2
styled	M	style	4	4	3
subclasses	C	subclass	14	14	3
subjects	C	subject	1057	1059	33
submitted	M	submit	107	107	8
submitted	P	submit	942	942	6
substantiated	M	substantiated	2	2	2
substrates	C	substrate	72	72	12
suggested	M	suggest	402	406	11
suited	C	suited	361	365	1
suited	M	suit	24	28	5
suited	P	suit	319	320	1
summarised	M	summarise	7	7	1
summarized	C	summarize	7	8	1
summarized	M	summarize	129	139	3
summarizing	M	summarize	16	16	1
supervised	C	supervised	61	79	3
supervised	M	supervise	1393	1988	174
supervised	P	supervise	76	76	5
supervises	P	supervise	4	4	1
supplied	M	supply	25	25	9
supported	C	support	15	23	3
supported	M	support	332	336	84
supported	P	support	1390	1390	1
supporting	M	support	330	333	10
surprisals	C	surprisal	88	88	1
surveys	C	survey	424	427	1
survived	P	survive	13	13	1
survivors	C	survivor	69	69	4
suspects	C	suspect	15	15	1
sustaining	M	sustain	1	1	5
swallowing	M	swallowing	1	1	1
swapped	M	swap	4	4	1
switched	P	switch	39	39	3
synaesthetes	C	synaesthete	3	3	7
synchronized	M	synchronize	10	12	1
synonyms	C	synonym	220	221	2
synthesizing	P	synthesize	532	532	1
systems	C	system	13413	13543	3
tables	C	table	1553	1620	1
tabulated	P	tabulate	28	28	3
tabulations	C	tabulation	1	1	6
tagged	C	tag	2	2	1
tagged	M	tag	25	25	14
tagged	P	tag	24	24	1
tags	C	tag	274	278	1
tailed	C	tailed	5	5	1
tailed	P	tail	2	2	1
tailored	C	tailored	43	73	2
tailored	M	tailor	681	876	39
takers	C	taker	56	56	51
taking	M	take	1	1	1
talking	P	talk	88	88	1
targeted	M	target	1027	1162	13
targeting	C	targeting	39	46	1
targeting	M	target	1	1	4
targets	C	target	586	591	3
tasked	P	task	588	588	1
tasking	P	task	21	21	1
tasks	C	task	28793	28807	49
teaching	C	teaching	1678	1699	1
teaching	M	teach	4	6	1
teamers	C	teamer	3	3	1
teaming	P	team	5	5	2
techniques	C	technique	5813	5825	1
technologies	C	technology	3662	3696	16
templated	M	template	28	39	1
tenths	C	tenth	3	3	2
terms	C	term	8290	8301	3
tested	C	test	34	34	1
tested	M	test	631	632	4
tested	P	test	3748	3748	12
testing	C	testing	2618	2682	3
testing	P	test	901	901	4
tests	C	test	2982	3002	21
texts	C	text	5273	5279	17
themes	C	theme	1332	1334	18
theories	C	theory	271	271	1
therapists	C	therapist	293	299	2
thinking	C	thinking	2463	2521	1
thinking	M	think	20	29	6
thinking	P	think	110	110	1
thirds	C	third	13	13	66
this	C	this	17891	17891	1
thoughts	C	thought	309	322	4
threatening	M	threaten	1	2	11
threats	C	threat	284	286	1
thus	C	thus	3	3	1
ticking	M	tick	1	1	1
tied	M	tie	4	4	1
ties	C	tie	32	32	1
tiles	C	tile	24	24	1
tips	C	tip	80	82	1
tirads	C	tirads	80	95	3
tissues	C	tissue	130	133	1
tokenized	M	tokenize	153	181	1
tokenized	P	tokenize	303	303	1
tokens	C	token	4601	4603	31
tolerated	M	tolerate	2	2	2
tools	C	tool	15971	16006	5
topics	C	topic	3507	3518	8
topping	P	top	4	4	1
tracked	M	track	6	6	3
tracked	P	track	49	49	1
tracking	M	track	3	3	2
tracking	P	track	126	126	1
trained	C	train	180	184	40
trained	M	train	1201	1219	257
trained	P	train	13645	13645	2072
trainers	C	trainer	44	44	1
training	C	training	22608	22777	9
training	M	train	35	61	15
training	P	train	2278	2302	253
trainings	C	training	8	8	4
trains	P	train	167	167	34
transcribed	M	transcribe	110	110	5
transcriptions	C	transcription	88	88	2
transcripts	C	transcript	842	843	1
transformed	C	transform	5	7	1
transformed	M	transform	44	44	9
transformed	P	transform	656	656	4
transformers	C	transformers	3928	7293	27
transitions	C	transition	132	132	1
translated	C	translate	13	13	4
translated	M	translate	177	177	64
translated	P	translate	461	461	8
translations	C	translation	605	608	1
transmissions	C	transmission	5	5	1
treated	C	treat	8	8	1
treated	M	treat	35	35	1
treated	P	treat	577	577	1
treating	M	treat	63	63	1
treating	P	treat	425	425	1
treatments	C	treatment	817	818	1
trees	C	tree	194	228	1
trending	M	trend	22	23	1
trending	P	trend	14	14	1
triaged	C	triage	2	2	2
triaged	P	triage	24	24	9
triaging	P	triage	89	89	3
trialled	P	trialle	8	8	1
triggered	M	trigger	5	5	22
triggered	P	trigger	155	155	1
triggering	C	triggering	10	11	1
triggering	M	trigger	2	2	1
trillions	C	trillion	92	92	2
triples	C	triple	183	183	2
trips	C	trip	2	2	1
truncated	P	truncate	92	92	1
trusted	M	trusted	93	157	2
trusting	M	trusting	2	3	1
trusting	P	trust	39	39	2
truths	C	truth	57	57	6
tumors	C	tumor	325	329	3
tuned	C	tuned	12	20	203
tuned	M	tune	117	120	2742
tuned	P	tune	267	267	4835
tunes	P	tune	10	10	152
tuning	C	tuning	1353	1368	116
tuning	M	tune	3	5	182
tuning	P	tune	115	117	2471
tunings	C	tuning	4	4	1
tuples	C	tuple	15	15	1
turned	P	turn	143	143	1
tutors	C	tutor	128	129	1
tweets	C	tweet	1200	1206	3
typed	M	type	24	27	1
types	C	type	5386	5390	9
typing	M	typing	1	1	2
unassisted	M	unassisted	51	52	1
uncased	M	uncase	205	401	1
uncased	P	uncase	40	40	1
uncovering	M	uncover	1	1	1
understanding	C	understanding	9173	9237	2
understanding	M	understand	6	6	24
unfiltered	M	unfiltered	33	33	1
units	C	unit	743	774	2
updating	M	update	8	8	2
updating	P	update	235	235	1
upgraded	M	upgrade	37	40	1
uploaded	M	upload	111	111	13
uploaded	P	upload	351	351	5
uploading	P	upload	117	117	1
ups	C	up	3	3	80
used	M	use	1717	1765	5
used	P	use	38173	38173	7
users	C	user	7680	7683	139
using	C	use	986	989	4
using	M	use	42	43	6
using	P	use	50119	50119	6
utilized	M	utilize	78	79	1
validated	C	validate	55	71	4
validated	M	validate	955	1033	61
validated	P	validate	1294	1294	25
validates	P	validate	160	160	1
validating	M	validate	8	9	3
validating	P	validate	529	529	4
validations	C	validation	60	60	3
valued	P	value	71	71	2
values	C	value	5806	5816	2
variables	C	variable	1952	1954	2
variants	C	variant	2672	2673	1
varied	P	vary	1108	1108	2
varieties	C	variety	45	45	1
varying	C	vary	25	28	1
varying	M	vary	1585	1607	15
vectorized	P	vectorize	22	22	1
vectors	C	vector	1735	1763	1
verified	M	verify	212	252	3
verified	P	verify	573	573	7
verifying	M	verify	1	1	1
verifying	P	verify	259	259	3
versioned	M	versione	10	12	1
versions	C	version	5031	5033	1
vetted	C	vet	1	1	1
views	C	view	416	417	4
violating	M	violate	3	3	2
vlms	C	vlms	513	701	1
voids	C	void	12	12	1
voted	M	vote	3	3	1
voting	M	vote	6	10	6
vsps	C	vsp	7	11	1
walked	P	walk	4	4	1
walking	M	walk	8	8	8
walks	C	walk	13	13	1
wanted	M	want	2	3	1
wanted	P	want	212	212	1
warnings	C	warning	115	115	1
webs	C	web	3	3	1
weighing	P	weigh	40	40	1
weighted	C	weighted	55	83	2
weighted	M	weight	419	716	75
weighted	P	weight	85	85	6
weighting	P	weight	28	28	9
weights	C	weight	1686	1689	1
widths	C	width	6	6	1
winning	M	win	19	21	1
wishes	C	wish	7	7	1
worded	M	word	28	28	1
worded	P	word	16	16	2
words	C	word	5962	5992	68
workers	C	worker	454	456	18
workings	C	working	94	94	1
wrapped	M	wrap	3	3	2
writes	C	write	3	3	1
writing	C	writing	4148	4448	1
writing	M	write	59	70	1
writing	P	write	870	874	2
years	C	year	3498	3498	1
yielding	M	yield	1	1	1
