pmcid,llm_mentions,decision
PMC10017170,18,exclude
PMC10290620,118,exclude
PMC10303337,6,exclude
PMC10339438,83,exclude
PMC10404650,6,exclude
PMC10491831,40,exclude
PMC10763925,22,exclude
PMC10854865,2,exclude
PMC10995397,2,exclude
PMC11021086,15,exclude
PMC11051066,3,exclude
PMC11106992,2,exclude
PMC11140948,13,exclude
PMC11338667,20,exclude
PMC11589811,2,exclude
PMC11697652,1,exclude
PMC11756388,6,exclude
PMC11823149,1,exclude
PMC11883401,3,exclude
PMC11985154,6,exclude
PMC12149757,4,exclude
PMC12151045,11,exclude
PMC12179138,26,exclude
PMC12224488,1,exclude
PMC12299867,7,exclude
PMC12299919,88,exclude
PMC12306926,3,exclude
PMC12321753,15,exclude
PMC12384869,54,exclude
PMC12416173,1,exclude
PMC12437695,12,exclude
PMC12444479,1,exclude
PMC12468400,3,exclude
PMC12565372,29,exclude
PMC12605162,1,exclude
PMC12612813,30,exclude
PMC12656051,3,exclude
PMC12714997,9,exclude
PMC12732354,5,exclude
PMC12740276,2,exclude
PMC12764347,2,exclude
PMC12807711,2,exclude
PMC12827511,1,exclude
PMC12859525,20,exclude
PMC12880448,3,exclude
PMC12901383,1,exclude
PMC12965322,109,exclude
PMC12969638,1,exclude
PMC12991531,9,exclude
PMC12998713,10,exclude
PMC13061879,1,exclude
PMC13071390,10,exclude
PMC13072987,37,exclude
PMC13073639,8,exclude
PMC13106711,1,exclude
PMC13255970,2,exclude
PMC13318360,1,exclude
PMC13334551,108,exclude
PMC13392412,1,exclude
PMC13409740,5,exclude
PMC13414210,1,exclude
PMC13415527,1,exclude
PMC13437546,1,exclude
PMC13439270,156,exclude
PMC13459934,1,exclude
PMC13467131,4,exclude
PMC13486626,3,exclude
PMC13501141,9,exclude
PMC13521398,1,exclude
PMC13524736,1,exclude
PMC13533143,11,exclude
PMC13540808,1,exclude
PMC13541165,8,exclude
PMC13565537,2,exclude
PMC13566101,4,exclude
PMC13591636,169,exclude
PMC4380351,8,exclude
PMC4478484,24,exclude
PMC4673772,1,exclude
PMC4938549,46,exclude
PMC5270592,2,exclude
PMC6337266,63,exclude
PMC6530121,2,exclude
PMC6567345,15,exclude
PMC6630257,123,exclude
PMC6913698,24,exclude
PMC6920053,63,exclude
PMC6921264,41,exclude
PMC6996741,11,exclude
PMC7072737,7,exclude
PMC7171133,28,exclude
PMC7494450,36,exclude
PMC7509072,6,exclude
PMC7961401,7,exclude
PMC8085248,40,exclude
PMC8174128,45,exclude
PMC8461025,22,exclude
PMC8625217,57,exclude
PMC8625743,91,exclude
PMC8662278,23,exclude
PMC8831759,32,exclude
PMC8870828,9,exclude
PMC8877610,6,exclude
PMC8999912,19,exclude
PMC9064355,38,exclude
PMC9345571,46,exclude
PMC9572120,62,exclude
PMC9592286,13,exclude
PMC9989170,28,exclude
