pmcid,term,decision
PMC6393838,progen,exclude
PMC12457711,progen,exclude
PMC10990978,progen,exclude
PMC13372117,progen,exclude
PMC5808363,progen,exclude
PMC9958861,progen,exclude
PMC11568545,progen,exclude
PMC7077262,progen,exclude
PMC12405693,progen,exclude
PMC11649788,biobridge,exclude
PMC12462924,biobridge,exclude
PMC13399616,biobridge,exclude
PMC12442933,biobridge,exclude
PMC6057688,biobridge,exclude
PMC11355148,biobridge,exclude
PMC6212834,palm 2,exclude
PMC9816114,esm-2,exclude
